{
 "ambientocclusion":false,
 "elements":[
  {
   "from":[4,-1,0],
   "to":[4,15,16],
   "shade":false,
   "faces":{
    "west":{"uv":[0,0,16,16],"texture":"#particle"},
    "east":{"uv":[0,0,16,16],"texture":"#particle"}
   }
  },
  {
   "from":[12,-1,0],
   "to":[12,15,16],
   "shade":false,
   "faces":{
    "west":{"uv":[0,0,16,16],"texture":"#particle"},
    "east":{"uv":[0,0,16,16],"texture":"#particle"}
   }
  },
  {
   "from":[0,-1,4],
   "to":[16,15,4],
   "shade":false,
   "faces":{
    "north":{"uv":[0,0,16,16],"texture":"#particle"},
    "south":{"uv":[0,0,16,16],"texture":"#particle"}
   }
  },
  {
   "from":[0,-1,12],
   "to":[16,15,12],
   "shade":false,
   "faces":{
    "north":{"uv":[0,0,16,16],"texture":"#particle"},
    "south":{"uv":[0,0,16,16],"texture":"#particle"}
   }
  }
 ]
}