{
 "render_type":"minecraft:cutout",
 "elements":[
  {
   "from":[0,0,0],
   "to":[16,16,16],
   "faces":{
    "north":{"uv":[0,0,16,16],"texture":"#surface","cullface":"north"},
    "east":{"uv":[0,0,16,16],"texture":"#surface","cullface":"east"},
    "south":{"uv":[0,0,16,16],"texture":"#surface","cullface":"south"},
    "west":{"uv":[0,0,16,16],"texture":"#surface","cullface":"west"},
    "up":{"uv":[0,0,16,16],"texture":"#surface","cullface":"up"},
    "down":{"uv":[0,0,16,16],"texture":"#surface","cullface":"down"}
   }
  }
 ]
}