{
 "multipart":[
  {"when":{"age":"0","stage":"0"},
   "apply":[
    {"model":"block/bamboo1_age0"},
    {"model":"block/bamboo2_age0"},
    {"model":"block/bamboo3_age0"},
    {"model":"block/bamboo4_age0"}
   ]
  },
  {"when":{"age":"1","stage":"0"},
   "apply":[
    {"model":"block/bamboo1_age1"},
    {"model":"block/bamboo2_age1"},
    {"model":"block/bamboo3_age1"},
    {"model":"block/bamboo4_age1"}
   ]
  },
  {"when":{"age":"0","stage":"1"},
   "apply":[
    {"model":"block/bamboo1_age0_stage1"},
    {"model":"block/bamboo2_age0_stage1"},
    {"model":"block/bamboo3_age0_stage1"},
    {"model":"block/bamboo4_age0_stage1"}
   ]
  },
  {"when":{"age":"1","stage":"1"},
   "apply":[
    {"model":"block/bamboo1_age1_stage1"},
    {"model":"block/bamboo2_age1_stage1"},
    {"model":"block/bamboo3_age1_stage1"},
    {"model":"block/bamboo4_age1_stage1"}
   ]
  },
  {"when":{"leaves":"small","stage":"0"},
   "apply":{"model":"block/bamboo_small_leaves"}
  },
  {"when":{"leaves":"large","stage":"0"},
   "apply":{"model":"block/bamboo_large_leaves"}
  },
  {"when":{"leaves":"small","stage":"1"},
   "apply":{"model":"block/bamboo_small_leaves_stage1"}
  },
  {"when":{"leaves":"large","stage":"1"},
   "apply":{"model":"block/bamboo_large_leaves_stage1"}
  }
 ]
}