{
 "variants":{
  "facing=north,honey_level=0":{"model":"block/beehive_honey0"},
  "facing=south,honey_level=0":{"model":"block/beehive_honey0","y":180},
  "facing=west,honey_level=0":{"model":"block/beehive_honey0","y":270},
  "facing=east,honey_level=0":{"model":"block/beehive_honey0","y":90},
  "facing=north,honey_level=1":{"model":"block/beehive_honey1"},
  "facing=south,honey_level=1":{"model":"block/beehive_honey1","y":180},
  "facing=west,honey_level=1":{"model":"block/beehive_honey1","y":270},
  "facing=east,honey_level=1":{"model":"block/beehive_honey1","y":90},
  "facing=north,honey_level=2":{"model":"block/beehive_honey2"},
  "facing=south,honey_level=2":{"model":"block/beehive_honey2","y":180},
  "facing=west,honey_level=2":{"model":"block/beehive_honey2","y":270},
  "facing=east,honey_level=2":{"model":"block/beehive_honey2","y":90},
  "facing=north,honey_level=3":{"model":"block/beehive_honey3"},
  "facing=south,honey_level=3":{"model":"block/beehive_honey3","y":180},
  "facing=west,honey_level=3":{"model":"block/beehive_honey3","y":270},
  "facing=east,honey_level=3":{"model":"block/beehive_honey3","y":90},
  "facing=north,honey_level=4":{"model":"block/beehive_honey4"},
  "facing=south,honey_level=4":{"model":"block/beehive_honey4","y":180},
  "facing=west,honey_level=4":{"model":"block/beehive_honey4","y":270},
  "facing=east,honey_level=4":{"model":"block/beehive_honey4","y":90},
  "facing=north,honey_level=5":{"model":"block/beehive_honey5"},
  "facing=south,honey_level=5":{"model":"block/beehive_honey5","y":180},
  "facing=west,honey_level=5":{"model":"block/beehive_honey5","y":270},
  "facing=east,honey_level=5":{"model":"block/beehive_honey5","y":90}
 }
}