{
 "variants":{
  "facing=down,enabled=false":{"model":"block/hopper_on_down"},
  "facing=down,enabled=true":{"model":"block/hopper_off_down"},
  "facing=east,enabled=false":{"model":"block/hopper_on_east"},
  "facing=east,enabled=true":{"model":"block/hopper_off_east"},
  "facing=west,enabled=false":{"model":"block/hopper_on_east","y":180},
  "facing=west,enabled=true":{"model":"block/hopper_off_east","y":180},
  "facing=north,enabled=false":{"model":"block/hopper_on_east","y":270},
  "facing=north,enabled=true":{"model":"block/hopper_off_east","y":270},
  "facing=south,enabled=false":{"model":"block/hopper_on_east","y":90},
  "facing=south,enabled=true":{"model":"block/hopper_off_east","y":90}
 }
}