{
 "variants":{
  "":[
   {"model":"block/mycelium0_top"},
   {"model":"block/mycelium1_top"},
   {"model":"block/mycelium2_top"},
   {"model":"block/mycelium3_top"},
   {"model":"block/mycelium4_top"},
   {"model":"block/mycelium5_top"},
   {"model":"block/mycelium6_top"},
   {"model":"block/mycelium7_top"},
   {"model":"block/mycelium8_top"},
   {"model":"block/mycelium9_top"},
   {"model":"block/mycelium10_top"},
   {"model":"block/mycelium11_top"},
   {"model":"block/mycelium12_top"},
   {"model":"block/mycelium13_top"},
   {"model":"block/mycelium14_top"},
   {"model":"block/mycelium15_top"}
  ]
 }
}