{
 "variants":{
  "facing=down,powered=false":{"model":"block/observer_off","x":90},
  "facing=down,powered=true":{"model":"block/observer_on","x":90},
  "facing=east,powered=false":{"model":"block/observer_off","y":90},
  "facing=east,powered=true":{"model":"block/observer_on","y":90},
  "facing=north,powered=false":{"model":"block/observer_off"},
  "facing=north,powered=true":{"model":"block/observer_on"},
  "facing=south,powered=false":{"model":"block/observer_off","y":180},
  "facing=south,powered=true":{"model":"block/observer_on","y":180},
  "facing=up,powered=false":{"model":"block/observer_off","x":270},
  "facing=up,powered=true":{"model":"block/observer_on","x":270},
  "facing=west,powered=false":{"model":"block/observer_off","y":270},
  "facing=west,powered=true":{"model":"block/observer_on","y":270}
 }
}