{
 "variants":{
  "extended=false,facing=down":{"model":"minecraft:block/piston_off","x":180},
  "extended=false,facing=east":{"model":"minecraft:block/piston_off","y":90,"x":90},
  "extended=false,facing=north":{"model":"minecraft:block/piston_off","x":90},
  "extended=false,facing=south":{"model":"minecraft:block/piston_off","x":270},
  "extended=false,facing=up":{"model":"minecraft:block/piston_off"},
  "extended=false,facing=west":{"model":"minecraft:block/piston_off","y":90,"x":270},
  "extended=true,facing=down":{"model": "minecraft:block/piston_on","x":180},
  "extended=true,facing=east":{"model":"minecraft:block/piston_on","y":90,"x":90},
  "extended=true,facing=north":{"model":"minecraft:block/piston_on","x":90},
  "extended=true,facing=south":{"model":"minecraft:block/piston_on","x":270},
  "extended=true,facing=up":{"model":"minecraft:block/piston_on"},
  "extended=true,facing=west":{"model":"minecraft:block/piston_on","y":90,"x":270}
 }
}