{
 "variants":{
  "":[
   {"model":"block/stone0"},
   {"model":"block/stone1"},
   {"model":"block/stone2"},
   {"model":"block/stone3"},
   {"model":"block/stone4"},
   {"model":"block/stone5"},
   {"model":"block/stone6"},
   {"model":"block/stone7"},
   {"model":"block/stone8"},
   {"model":"block/stone9"},
   {"model":"block/stone10"},
   {"model":"block/stone11"},
   {"model":"block/stone12"},
   {"model":"block/stone13"},
   {"model":"block/stone14"},
   {"model":"block/stone15"}
  ]
 }
}