{
 "parent":"template/display_block",
 "textures":{
  "end":"block/acacia_trapdoor_end",
  "side":"block/acacia_trapdoor_side",
  "particle":"block/acacia_trapdoor_end"
 },
 "elements":[
  {
   "from":[0,0,0],
   "to":[16,3,16],
   "faces":{
    "south":{"uv":[16,0,0,3],"texture":"#side","cullface":"south"},
    "north":{"uv":[16,2,0,5],"texture":"#side","cullface":"north"},
    "east":{"uv":[16,4,0,7],"texture":"#side","cullface":"east"},
    "west":{"uv":[16,6,0,9],"texture":"#side","cullface":"west"},
    "up":{"uv":[0,0,16,16],"texture":"#end"},
    "down":{"uv":[0,16,16,0],"texture":"#end","cullface":"down"}
   }
  },
  {
   "to":[2,0,3],
   "from":[4,3,13],
   "faces":{
    "south":{"uv":[2,9,0,12],"texture":"#side"},
    "north":{"uv":[2,12,0,15],"texture":"#side"},
    "east":{"uv":[12,9,2,12],"texture":"#side"},
    "west":{"uv":[12,12,2,15],"texture":"#side"}
   }
  },
  {
   "to":[7,0,3],
   "from":[9,3,13],
   "faces":{
    "south":{"uv":[2,9,0,12],"texture":"#side"},
    "north":{"uv":[2,12,0,15],"texture":"#side"},
    "east":{"uv":[12,9,2,12],"texture":"#side"},
    "west":{"uv":[12,12,2,15],"texture":"#side"}
   }
  },
  {
   "to":[12,0,3],
   "from":[14,3,13],
   "faces":{
    "south":{"uv":[2,9,0,12],"texture":"#side"},
    "north":{"uv":[2,12,0,15],"texture":"#side"},
    "east":{"uv":[12,9,2,12],"texture":"#side"},
    "west":{"uv":[12,12,2,15],"texture":"#side"}
   }
  }
 ]
}