{
 "textures":{
 "particle":"block/bamboo_stalk_stage1"
 },
 "elements":[
  {
   "from":[6.5,0,6.5],
   "to":[9.5,16,9.5],
   "faces":{
    "down":{"uv":[13,4,16,7],"texture":"#particle","cullface":"down"},
    "up":{"uv":[13,0,16,3],"texture":"#particle","cullface":"up"},
    "north":{"uv":[9,0,12,16],"texture":"#particle"},
    "south":{"uv":[9,0,12,16],"texture":"#particle"},
    "west":{"uv":[9,0,12,16],"texture":"#particle"},
    "east":{"uv":[9,0,12,16],"texture":"#particle"}
   }
  }
 ]
}