{
 "parent":"template/display_block",
 "textures":{
  "end1":"block/bamboo_trapdoor_end1",
  "end2":"block/bamboo_trapdoor_end2",
  "particle":"block/bamboo_trapdoor_end1"
 },
 "elements":[
  {
   "from":[0,0,0],
   "to":[16,3,16],
   "faces":{
    "north":{"uv":[0,0,16,3],"texture":"#end2","cullface":"north"},
    "south":{"uv":[0,0,16,3],"texture":"#end2","cullface":"south"},
    "east":{"uv":[0,13,16,16],"texture":"#end2","cullface":"east"},
    "west":{"uv":[0,13,16,16],"texture":"#end2","cullface":"west"},
    "up":{"uv":[0,0,16,16],"texture":"#end1"},
    "down":{"uv":[0,16,16,0],"texture":"#end1","cullface":"down"}
   }
  },
  {
   "to":[3,0,3],
   "from":[13,3,13],
   "faces":{
    "north":{"uv":[3,0,13,3],"texture":"#end2"},
    "south":{"uv":[3,13,13,16],"texture":"#end2"},
    "east":{"uv":[0,3,3,13],"texture":"#end2"},
    "west":{"uv":[13,3,16,13],"texture":"#end2"}
   }
  },
  {
   "from":[3,1.5,3],
   "to":[13,1.5,13],
   "faces":{
    "up":{"uv":[3,3,13,13],"texture":"#end2"},
    "down":{"uv":[3,3,13,13],"texture":"#end2"}
   }
  }
 ]
}