{
 "ambientocclusion":false,
 "textures":{
  "particle":"block/beetroots_stage2"
 },
 "elements":[
  {
   "from":[4.5,0,-2],
   "to":[4.5,16,11],
   "rotation":{"angle":45,"axis":"y","origin":[4.5,8,4.5]},
   "faces":{
    "east":{"uv":[3,0,16,16],"texture":"#particle"},
    "west":{"uv":[3,0,16,16],"texture":"#particle"}
   }
  },
  {
   "from":[-2,0,4.5],
   "to":[11,16,4.5],
   "rotation":{"angle":45,"axis":"y","origin":[4.5,8,4.5]},
   "faces":{
    "north":{"uv":[3,0,16,16],"texture":"#particle"},
    "south":{"uv":[3,0,16,16],"texture":"#particle"}
   }
  },
  {
   "from":[3,-1,3],
   "to":[6,0,6],
   "rotation":{"angle":0,"axis":"y","origin":[4.50874,-0.49998,4.49125]},
   "faces":{
    "north":{"uv":[0,0,3,1],"texture":"#particle"},
    "east":{"uv":[0,0,3,1],"texture":"#particle"},
    "south":{"uv":[0,0,3,1],"texture":"#particle"},
    "west":{"uv":[0,0,3,1],"texture":"#particle"},
    "up":{"uv":[0,1,3,4],"texture":"#particle"},
    "down":{"uv":[0,1,3,4],"texture":"#particle"}
   }
  },
  {
   "from":[11.5,0,0],
   "to":[11.5,16,13],
   "rotation":{"angle":45,"axis":"y","origin":[11.5,8,6.5]},
   "faces":{
    "east":{"uv":[3,0,16,16],"texture":"#particle"},
    "west":{"uv":[3,0,16,16],"texture":"#particle"}
   }
  },
  {
   "from":[5,0,6.5],
   "to":[18,16,6.5],
   "rotation":{"angle":45,"axis":"y","origin":[11.5,8,6.5]},
   "faces":{
    "north":{"uv":[3,0,16,16],"texture":"#particle"},
    "south":{"uv":[3,0,16,16],"texture":"#particle"}
   }
  },
  {
   "from":[10,-1,5],
   "to":[13,0,8],
   "rotation":{"angle":0,"axis":"y","origin":[11.50874,-0.49998,6.49125]},
   "faces":{
    "north":{"uv":[0,0,3,1],"texture":"#particle"},
    "east":{"uv":[0,0,3,1],"texture":"#particle"},
    "south":{"uv":[0,0,3,1],"texture":"#particle"},
    "west":{"uv":[0,0,3,1],"texture":"#particle"},
    "up":{"uv":[0,1,3,4],"texture":"#particle"},
    "down":{"uv":[0,1,3,4],"texture":"#particle"}
   }
  },
  {
   "from":[5.5,0,5],
   "to":[5.5,16,18],
   "rotation":{"angle":45,"axis":"y","origin":[5.5,8,11.5]},
   "faces":{
    "east":{"uv":[3,0,16,16],"texture":"#particle"},
    "west":{"uv":[3,0,16,16],"texture":"#particle"}
   }
  },
  {
   "from":[-1,0,11.5],
   "to":[12,16,11.5],
   "rotation":{"angle":45,"axis":"y","origin":[5.5,8,11.5]},
   "faces":{
    "north":{"uv":[3,0,16,16],"texture":"#particle"},
    "south":{"uv":[3,0,16,16],"texture":"#particle"}
   }
  },
  {
   "from":[4,-1,10],
   "to":[7,0,13],
   "rotation":{"angle":0,"axis":"y","origin":[5.50874,-0.49998,11.49125]},
   "faces":{
    "north":{"uv":[0,0,3,1],"texture":"#particle"},
    "east":{"uv":[0,0,3,1],"texture":"#particle"},
    "south":{"uv":[0,0,3,1],"texture":"#particle"},
    "west":{"uv":[0,0,3,1],"texture":"#particle"},
    "up":{"uv":[0,1,3,4],"texture":"#particle"},
    "down":{"uv":[0,1,3,4],"texture":"#particle"}
   }
  }
 ]
}