{
 "ambientocclusion":false,
 "textures":{
  "particle":"block/beetroots_stage1"
 },
 "elements":[
  {
   "from":[4,-1,-2.5],
   "to":[4,15,10.5],
   "rotation":{"angle":45,"axis":"y","origin":[4,7,4]},
   "faces":{
    "east":{"uv":[3,0,16,16],"texture":"#particle"},
    "west":{"uv":[3,0,16,16],"texture":"#particle"}
   }
  },
  {
   "from":[-2.5,-1,4],
   "to":[10.5,15,4],
   "rotation":{"angle":45,"axis":"y","origin":[4,7,4]},
   "faces":{
    "north":{"uv":[3,0,16,16],"texture":"#particle"},
    "south":{"uv":[3,0,16,16],"texture":"#particle"}
   }
  },
  {
   "from":[3,-0.99,3],
   "to":[5,-0.99,5],
   "rotation":{"angle":0,"axis":"y","origin":[4,-1,4]},
   "faces":{
    "north":{"uv":[0,14,4,16],"texture":"#missing"},
    "east":{"uv":[0,14,4,16],"texture":"#missing"},
    "south":{"uv":[0,14,4,16],"texture":"#missing"},
    "west":{"uv":[0,14,4,16],"texture":"#missing"},
    "up":{"uv":[0,0,2,2],"texture":"#particle"},
    "down":{"uv":[0,0,2,2],"texture":"#particle"}
   }
  },
  {
   "from":[12,-1,-0.5],
   "to":[12,15,12.5],
   "rotation":{"angle":45,"axis":"y","origin":[12,7,6]},
   "faces":{
    "east":{"uv":[3,0,16,16],"texture":"#particle"},
    "west":{"uv":[3,0,16,16],"texture":"#particle"}
   }
  },
  {
   "from":[5.5,-1,6],
   "to":[18.5,15,6],
   "rotation":{"angle":45,"axis":"y","origin":[12,7,6]},
   "faces":{
    "north":{"uv":[3,0,16,16],"texture":"#particle"},
    "south":{"uv":[3,0,16,16],"texture":"#particle"}
   }
  },
  {
   "from":[11,-0.99,5],
   "to":[13,-0.99,7],
   "rotation":{"angle":0,"axis":"y","origin":[12,-1,6]},
   "faces":{
    "north":{"uv":[0,14,4,16],"texture":"#particle"},
    "east":{"uv":[0,14,4,16],"texture":"#particle"},
    "south":{"uv":[0,14,4,16],"texture":"#particle"},
    "west":{"uv":[0,14,4,16],"texture":"#particle"},
    "up":{"uv":[0,0,2,2],"texture":"#particle"},
    "down":{"uv":[0,0,2,2],"texture":"#particle"}
   }
  },
  {
   "from":[5,-1,5.5],
   "to":[5,15,18.5],
   "rotation":{"angle":45,"axis":"y","origin":[5,7,12]},
   "faces":{
    "east":{"uv":[3,0,16,16],"texture":"#particle"},
    "west":{"uv":[3,0,16,16],"texture":"#particle"}
   }
  },
  {
   "from":[-1.5,-1,12],
   "to":[11.5,15,12],
   "rotation":{"angle":45,"axis":"y","origin":[5,7,12]},
   "faces":{
    "north":{"uv":[3,0,16,16],"texture":"#particle"},
    "south":{"uv":[3,0,16,16],"texture":"#particle"}
   }
  },
  {
   "from":[4,-0.99,11],
   "to":[6,-0.99,13],
   "rotation":{"angle":0,"axis":"y","origin":[5,-1,12]},
   "faces":{
    "north":{"uv":[0,14,4,16],"texture":"#particle"},
    "east":{"uv":[0,14,4,16],"texture":"#particle"},
    "south":{"uv":[0,14,4,16],"texture":"#particle"},
    "west":{"uv":[0,14,4,16],"texture":"#particle"},
    "up":{"uv":[0,0,2,2],"texture":"#particle"},
    "down":{"uv":[0,0,2,2],"texture":"#particle"}
   }
  }
 ]
}