{
 "ambientocclusion":false,
 "textures":{
  "particle":"block/beetroots_stage3"
 },
 "elements":[
  {
   "from":[4,1,-2],
   "to":[4,17,10],
   "rotation":{"angle":45,"axis":"y","origin":[4,9,4]},
   "faces":{
    "east":{"uv":[4,0,16,16],"texture":"#particle"},
    "west":{"uv":[4,0,16,16],"texture":"#particle"}
   }
  },
  {
   "from":[-2,1,4],
   "to":[10,17,4],
   "rotation":{"angle":45,"axis":"y","origin":[4,9,4]},
   "faces":{
    "north":{"uv":[4,0,16,16],"texture":"#particle"},
    "south":{"uv":[4,0,16,16],"texture":"#particle"}
   }
  },
  {
   "from":[2,-1,2],
   "to":[6,1,6],
   "rotation":{"angle":0,"axis":"y","origin":[4,0,4]},
   "faces":{
    "north":{"uv":[0,0,4,2],"texture":"#particle"},
    "east":{"uv":[0,0,4,2],"texture":"#particle"},
    "south":{"uv":[0,0,4,2],"texture":"#particle"},
    "west":{"uv":[0,0,4,2],"texture":"#particle"},
    "up":{"uv":[0,2,4,6],"texture":"#particle"},
    "down":{"uv":[0,2,4,6],"texture":"#particle"}
   }
  },
  {
   "from":[12,1,0],
   "to":[12,17,12],
   "rotation":{"angle":45,"axis":"y","origin":[12,9,6]},
   "faces":{
    "east":{"uv":[4,0,16,16],"texture":"#particle"},
    "west":{"uv":[4,0,16,16],"texture":"#particle"}
   }
  },
  {
   "from":[6,1,6],
   "to":[18,17,6],
   "rotation":{"angle":45,"axis":"y","origin":[12,9,6]},
   "faces":{
    "north":{"uv":[4,0,16,16],"texture":"#particle"},
    "south":{"uv":[4,0,16,16],"texture":"#particle"}
   }
  },
  {
   "from":[10,-1,4],
   "to":[14,1,8],
   "rotation":{"angle":0,"axis":"y","origin":[12,0,6]},
   "faces":{
    "north":{"uv":[0,0,4,2],"texture":"#particle"},
    "east":{"uv":[0,0,4,2],"texture":"#particle"},
    "south":{"uv":[0,0,4,2],"texture":"#particle"},
    "west":{"uv":[0,0,4,2],"texture":"#particle"},
    "up":{"uv":[0,2,4,6],"texture":"#particle"},
    "down":{"uv":[0,2,4,6],"texture":"#particle"}
   }
  },
  {
   "from":[5,1,6],
   "to":[5,17,18],
   "rotation":{"angle":45,"axis":"y","origin":[5,9,12]},
   "faces":{
    "east":{"uv":[4,0,16,16],"texture":"#particle"},
    "west":{"uv":[4,0,16,16],"texture":"#particle"}
   }
  },
  {
   "from":[-1,1,12],
   "to":[11,17,12],
   "rotation":{"angle":45,"axis":"y","origin":[5,9,12]},
   "faces":{
    "north":{"uv":[4,0,16,16],"texture":"#particle"},
    "south":{"uv":[4,0,16,16],"texture":"#particle"}
   }
  },
  {
   "from":[3,-1,10],
   "to":[7,1,14],
   "rotation":{"angle":0,"axis":"y","origin":[5,0,12]},
   "faces":{
    "north":{"uv":[0,0,4,2],"texture":"#particle"},
    "east":{"uv":[0,0,4,2],"texture":"#particle"},
    "south":{"uv":[0,0,4,2],"texture":"#particle"},
    "west":{"uv":[0,0,4,2],"texture":"#particle"},
    "up":{"uv":[0,2,4,6],"texture":"#particle"},
    "down":{"uv":[0,2,4,6],"texture":"#particle"}
   }
  }
 ]
}