{
 "parent":"template/display_block",
 "textures":{
  "end":"block/birch_trapdoor_end",
  "side1":"block/birch_trapdoor_side1",
  "side2":"block/birch_trapdoor_side2",
  "particle":"block/birch_trapdoor_end"
 },
 "elements":[
  {
   "from":[0,0,0],
   "to":[16,3,16],
   "faces":{
    "north":{"uv":[0,0,16,3],"texture":"#side1","cullface":"north"},
    "south":{"uv":[0,3,16,6],"texture":"#side1","cullface":"south"},
    "east":{"uv":[0,6,16,9],"texture":"#side1","cullface":"east"},
    "west":{"uv":[0,9,16,12],"texture":"#side1","cullface":"west"},
    "up":{"uv":[0,16,16,0],"texture":"#end"},
    "down":{"uv":[0,0,16,16],"texture":"#end","cullface":"down"}
   }
  },
  {
   "to":[3,0,3],
   "from":[13,1,13],
   "faces":{
    "north":{"uv":[0,10,10,11],"texture":"#side2"},
    "south":{"uv":[0,12,10,13],"texture":"#side2"},
    "east":{"uv":[0,11,10,12],"texture":"#side2"},
    "west":{"uv":[0,10,10,11],"texture":"#side2"},
    "down":{"uv":[0,10,10,0],"texture":"#side2"}
   }
  },
  {
   "to":[3,2,3],
   "from":[13,3,13],
   "faces":{
    "north":{"uv":[0,10,10,11],"texture":"#side2"},
    "south":{"uv":[0,12,10,13],"texture":"#side2"},
    "east":{"uv":[0,11,10,12],"texture":"#side2"},
    "west":{"uv":[0,10,10,11],"texture":"#side2"},
    "up":{"uv":[0,0,10,10],"texture":"#side2"}
   }
  },
  {
   "from":[5,0,3],
   "to":[11,3,4],
   "faces":{
    "south":{"uv":[2,12,8,15],"texture":"#side2"},
    "east":{"uv":[2,12,3,15],"texture":"#side2"},
    "west":{"uv":[7,12,8,15],"texture":"#side2"}
   }
  }
 ]
}