{
 "textures":{
  "particle":"block/brown_mushroom1"
 },
 "elements":[
  {
   "from":[7,0,7],
   "to":[9,3,9],
   "faces":{
    "north":{"uv":[6,0,8,3],"texture":"#particle"},
    "east":{"uv":[4,0,6,3],"texture":"#particle"},
    "south":{"uv":[2,0,4,3],"texture":"#particle"},
    "west":{"uv":[0,0,2,3],"texture":"#particle"},
    "down":{"uv":[11,11,13,13],"texture":"#particle","cullface":"down"}
   }
  },
  {
   "from":[4,3,4],
   "to":[12,5,12],
   "faces":{
    "north":{"uv":[0,5,8,7],"texture":"#particle"},
    "east":{"uv":[0,8,8,10],"texture":"#particle"},
    "south":{"uv":[0,14,8,16],"texture":"#particle"},
    "west":{"uv":[0,11,8,13],"texture":"#particle"},
    "up":{"uv":[8,0,16,8],"texture":"#particle"},
    "down":{"uv":[8,8,16,16],"texture":"#particle"}
   }
  },
  {
   "from":[5,5,5],
   "to":[11,6,11],
   "faces":{
    "north":{"uv":[1,4,7,5],"texture":"#particle"},
    "east":{"uv":[1,7,7,8],"texture":"#particle"},
    "south":{"uv":[1,13,7,14],"texture":"#particle"},
    "west":{"uv":[1,10,7,11],"texture":"#particle"},
    "up":{"uv":[9,1,15,7],"texture":"#particle"}
   }
  }
 ]
}