{
 "parent":"template/display_block",
 "textures":{
  "bottom":"block/cactus_bottom",
  "top":"block/cactus_top_age15",
  "particle":"block/cactus_side_age15",
  "side":"block/cactus_side_age15"
 },
 "elements":[
  {
   "from":[0,0,0],
   "to":[16,16,16],
   "faces":{
    "up":{"uv":[0,0,16,16],"texture":"#top","cullface":"up"},
    "down":{"uv":[0,0,16,16],"texture":"#bottom","cullface":"down"}
   }
  },
  {
   "from":[0,0,1],
   "to":[16,16,15],
   "faces":{
    "north":{"uv":[0,0,16,16],"texture":"#side"},
    "south":{"uv":[0,0,16,16],"texture":"#side"}
   }
  },
  {
   "from":[1,0,0],
   "to":[15,16,16],
   "faces":{
    "east":{"uv":[0,0,16,16],"texture":"#side"},
    "west":{"uv":[0,0,16,16],"texture":"#side"}
   }
  }
 ]
}