{
 "parent":"template/display_block",
 "render_type":"minecraft:cutout",
 "textures":{
  "particle":"block/composter_side",
  "top":"block/composter_top",
  "bottom":"block/composter_bottom"
 },
 "elements":[
  {
   "from":[0,0,0],
   "to":[16,16,16],
   "faces":{
    "up":{"texture":"#top","cullface":"up"},
    "down":{"texture":"#bottom","cullface":"down"},
    "north":{"texture":"#particle","cullface":"north"},
    "south":{"texture":"#particle","cullface":"south"},
    "west":{"texture":"#particle","cullface":"west"},
    "east":{"texture":"#particle","cullface":"east"}
   }
  },
  {
   "to":[2,2,2],
   "from":[14,16,14],
   "faces":{
    "up":{"uv":[2,2,14,14],"texture":"#bottom","cullface":"up"},
    "north":{"uv":[2,0,14,14],"texture":"#particle","cullface":"up"},
    "south":{"uv":[2,0,14,14],"texture":"#particle","cullface":"up"},
    "west":{"uv":[2,0,14,14],"texture":"#particle","cullface":"up"},
    "east":{"uv":[2,0,14,14],"texture":"#particle","cullface":"up"}
   }
  }
 ]
}