{
 "parent":"template/display_block",
 "textures":{
  "end":"block/crimson_trapdoor_end",
  "side":"block/crimson_trapdoor_side",
  "particle":"block/crimson_trapdoor_end"
 },
 "elements":[
  {
   "from":[0,0,0],
   "to":[16,3,16],
   "faces":{
    "north":{"uv":[0,0,16,3],"texture":"#side","cullface":"north"},
    "south":{"uv":[0,3,16,6],"texture":"#side","cullface":"south"},
    "east":{"uv":[0,6,16,9],"texture":"#side","cullface":"east"},
    "west":{"uv":[0,9,16,12],"texture":"#side","cullface":"west"},
    "up":{"uv":[0,16,16,0],"texture":"#end"},
    "down":{"uv":[0,0,16,16],"texture":"#end","cullface":"down"}
   }
  },
  {
   "to":[3,0,3],
   "from":[13,3,4],
   "faces":{
    "north":{"uv":[0,12,10,15],"texture":"#side"},
    "south":{"uv":[0,12,10,15],"texture":"#side"},
    "east":{"uv":[11,12,12,15],"texture":"#side"},
    "west":{"uv":[11,12,12,15],"texture":"#side"}
   }
  },
  {
   "to":[3,0,7],
   "from":[13,3,9],
   "faces":{
    "north":{"uv":[0,12,10,15],"texture":"#side"},
    "south":{"uv":[0,12,10,15],"texture":"#side"},
    "east":{"uv":[13,12,16,15],"texture":"#side"},
    "west":{"uv":[13,12,16,15],"texture":"#side"}
   }
  },
  {
   "to":[3,0,12],
   "from":[13,3,13],
   "faces":{
    "north":{"uv":[0,12,10,15],"texture":"#side"},
    "south":{"uv":[0,12,10,15],"texture":"#side"},
    "east":{"uv":[11,12,12,15],"texture":"#side"},
    "west":{"uv":[11,12,12,15],"texture":"#side"}
   }
  }
 ]
}