{
 "parent":"template/display_block",
 "textures":{
  "end2":"block/dark_oak_trapdoor_end2",
  "side":"block/dark_oak_trapdoor_side",
  "particle":"block/dark_oak_trapdoor_end1"
 },
 "elements":[
  {
   "from":[0,0,0],
   "to":[16,3,16],
   "faces":{
    "north":{"uv":[0,0,16,3],"texture":"side","cullface":"north"},
    "south":{"uv":[0,3,16,6],"texture":"side","cullface":"south"},
    "east":{"uv":[0,6,16,9],"texture":"side","cullface":"east"},
    "west":{"uv":[0,9,16,12],"texture":"side","cullface":"west"},
    "up":{"uv":[0,0,16,16],"texture":"particle"},
    "down":{"uv":[0,0,16,16],"texture":"particle","cullface":"down"}
   }
  },
  {
   "to":[2,0,2],
   "from":[14,3,14],
   "faces":{
    "north":{"uv":[0,13,12,16],"texture":"side"},
    "south":{"uv":[0,13,12,16],"texture":"end2"},
    "east":{"uv":[0,12,12,15],"texture":"side"},
    "west":{"uv":[0,12,12,15],"texture":"end2"}
   }
  },
  {
   "from":[2,1,2],
   "to":[14,2,14],
   "faces":{
    "up":{"uv":[0,0,12,12],"texture":"end2"},
    "down":{"uv":[0,0,12,12],"texture":"end2","cullface":"down"}
   }
  },
  {
   "from":[2,0,6],
   "to":[14,3,10],
   "faces":{
    "north":{"uv":[0,12,12,15],"texture":"side"},
    "south":{"uv":[0,12,12,15],"texture":"end2"}
   }
  },
  {
   "from":[6,0,2],
   "to":[10,3,14],
   "faces":{
    "east":{"uv":[0,12,12,15],"texture":"side"},
    "west":{"uv":[0,12,12,15],"texture":"end2"}
   }
  }
 ]
}