{
 "parent":"template/display_block",
 "textures":{
  "end1":"block/hopper_end1_off",
  "end2":"block/hopper_end2_off",
  "side":"block/hopper_side_off",
  "particle":"block/hopper_end3_off"
 },
 "elements":[
  {
   "from":[12,4,6],
   "to":[16,8,10],
   "faces":{
    "north":{"uv":[0,12,4,16],"texture":"#side"},
    "south":{"uv":[0,12,4,16],"texture":"#side"},
    "east":{"uv":[0,12,4,16],"texture":"#side","cullface":"east"},
    "up":{"uv":[0,12,4,16],"texture":"#side"},
    "down":{"uv":[8,8,12,12],"texture":"#particle"}
   }
  },
  {
   "from":[4,4,4],
   "to":[12,10,12],
   "faces":{
    "north":{"uv":[0,6,8,12],"texture":"#side"},
    "south":{"uv":[0,6,8,12],"texture":"#side"},
    "east":{"uv":[0,6,8,12],"texture":"#side"},
    "west":{"uv":[0,6,8,12],"texture":"#side"},
    "down":{"uv":[4,4,12,12],"texture":"#particle"}
   }
  },
  {
   "from":[0,10,0],
   "to":[16,16,16],
   "faces":{
    "north":{"uv":[0,0,16,6],"texture":"#side","cullface":"north"},
    "south":{"uv":[0,0,16,6],"texture":"#side","cullface":"south"},
    "east":{"uv":[0,0,16,6],"texture":"#side","cullface":"east"},
    "west":{"uv":[0,0,16,6],"texture":"#side","cullface":"west"},
    "up":{"uv":[0,0,16,16],"texture":"#end1","cullface":"up"},
    "down":{"uv":[0,0,16,16],"texture":"#particle"}
   }
  },
  {
   "to":[2,11,2],
   "from":[14,16,14],
   "faces":{
    "north":{"uv":[0,0,12,6],"texture":"#side","cullface":"up"},
    "south":{"uv":[0,0,12,6],"texture":"#side","cullface":"up"},
    "east":{"uv":[0,0,12,6],"texture":"#side","cullface":"up"},
    "west":{"uv":[0,0,12,6],"texture":"#side","cullface":"up"},
    "up":{"uv":[0,0,12,12],"texture":"#end2","cullface":"up"}
   }
  }
 ]
}