{
 "textures":{
  "particle":"block/ladder"
 },
 "elements":[
  {
   "from":[1,1,14],
   "to":[15,3,15.25],
   "faces":{
    "north":{"uv":[1,1,15,3],"texture":"#particle"},
    "east":{"uv":[13,1,14,3],"texture":"#particle"},
    "south":{"uv":[1,1,15,3],"texture":"#particle"},
    "west":{"uv":[13,1,14,3],"texture":"#particle"},
    "up":{"uv":[1,1,15,3],"texture":"#particle"},
    "down":{"uv":[1,1,15,3],"texture":"#particle"}
   }
  },
  {
   "from":[1,5,14],
   "to":[15,7,15.25],
   "faces":{
    "north":{"uv":[1,5,15,7],"texture":"#particle"},
    "east":{"uv":[13,5,14,7],"texture":"#particle"},
    "south":{"uv":[1,5,15,7],"texture":"#particle"},
    "west":{"uv":[13,5,14,7],"texture":"#particle"},
    "up":{"uv":[1,5,15,7],"texture":"#particle"},
    "down":{"uv":[1,5,15,7],"texture":"#particle"}
   }
  },
  {
   "from":[1,9,14],
   "to":[15,11,15.25],
   "faces":{
    "north":{"uv":[1,9,15,11],"texture":"#particle"},
    "east":{"uv":[13,9,14,11],"texture":"#particle"},
    "south":{"uv":[1,9,15,11],"texture":"#particle"},
    "west":{"uv":[13,9,14,11],"texture":"#particle"},
    "up":{"uv":[1,9,15,11],"texture":"#particle"},
    "down":{"uv":[1,9,15,11],"texture":"#particle"}
   }
  },
  {
   "from":[1,13,14],
   "to":[15,15,15.25],
   "faces":{
    "north":{"uv":[1,13,15,15],"texture":"#particle"},
    "east":{"uv":[13,13,14,15],"texture":"#particle"},
    "south":{"uv":[1,13,15,15],"texture":"#particle"},
    "west":{"uv":[13,13,14,15],"texture":"#particle"},
    "up":{"uv":[1,13,15,15],"texture":"#particle"},
    "down":{"uv":[1,13,15,15],"texture":"#particle"}
   }
  },
  {
   "from":[2,0,14.75],
   "to":[4,16,16],
   "faces":{
    "north":{"uv":[12,0,14,16],"texture":"#particle"},
    "east":{"uv":[13,0,14,16],"texture":"#particle"},
    "south":{"uv":[12,0,14,16],"texture":"#particle","cullface":"south"},
    "west":{"uv":[13,0,14,16],"texture":"#particle"},
    "up":{"uv":[12,15,14,16],"texture":"#particle","cullface":"up"},
    "down":{"uv":[12,0,14,1],"texture":"#particle","cullface":"down"}
   }
  },
  {
   "from":[12,0,14.75],
   "to":[14,16,16],
   "faces":{
    "north":{"uv":[2,0,4,16],"texture":"#particle"},
    "east":{"uv":[3,0,4,16],"texture":"#particle"},
    "south":{"uv":[2,0,4,16],"texture":"#particle","cullface":"south"},
    "west":{"uv":[3,0,4,16],"texture":"#particle"},
    "up":{"uv":[2,15,4,16],"texture":"#particle","cullface":"up"},
    "down":{"uv":[2,0,4,1],"texture":"#particle","cullface":"down"}
   }
  }
 ]
}