{
 "textures":{
  "particle":"block/lantern"
 },
 "elements":[
  {
   "from":[5,0,5],
   "to":[11,7,11],
   "faces":{
    "north":{"uv":[0,2,6,9],"texture":"#particle"},
    "east":{"uv":[0,2,6,9],"texture":"#particle"},
    "south":{"uv":[0,2,6,9],"texture":"#particle"},
    "west":{"uv":[0,2,6,9],"texture":"#particle"},
    "up":{"uv":[0,9,6,15],"texture":"#particle"},
    "down":{"uv":[0,9,6,15],"texture":"#particle","cullface":"down"}
   }
  },
  {
   "from":[6,7,6],
   "to":[10,9,10],
   "faces":{
    "north":{"uv":[1,0,5,2],"texture":"#particle"},
    "east":{"uv":[1,0,5,2],"texture":"#particle"},
    "south":{"uv":[1,0,5,2],"texture":"#particle"},
    "west":{"uv":[1,0,5,2],"texture":"#particle"},
    "up":{"uv":[1,10,5,14],"texture":"#particle"}
   }
  },
  {
   "from":[8.5,9,7.5],
   "to":[9.5,11,8.5],
   "rotation":{"angle":-45,"axis":"y","origin":[8,1,8]},
   "faces":{
    "north":{"uv":[11,10,12,12],"texture":"#particle"},
    "east":{"uv":[11,10,12,12],"texture":"#particle"},
    "south":{"uv":[11,10,12,12],"texture":"#particle"},
    "west":{"uv":[11,10,12,12],"texture":"#particle"},
    "up":{"uv":[11,10,12,11],"texture":"#particle"}
   }
  },
  {
   "from":[6.5,9,7.5],
   "to":[7.5,11,8.5],
   "rotation":{"angle":-45,"axis":"y","origin":[8,1,8]},
   "faces":{
    "north":{"uv":[13,10,14,12],"texture":"#particle"},
    "east":{"uv":[13,10,14,12],"texture":"#particle"},
    "south":{"uv":[13,10,14,12],"texture":"#particle"},
    "west":{"uv":[13,10,14,12],"texture":"#particle"},
    "up":{"uv":[13,10,14,11],"texture":"#particle"}
   }
  },
  {
   "from":[7.5,10,7.5],
   "to":[8.5,11,8.5],
   "rotation":{"angle":-45,"axis":"y","origin":[8,1,8]},
   "faces":{
    "north":{"uv":[12,10,13,11],"texture":"#particle"},
    "south":{"uv":[12,10,13,11],"texture":"#particle"},
    "up":{"uv":[12,10,13,11],"texture":"#particle"},
    "down":{"uv":[12,10,13,11],"texture":"#particle"}
   }
  }
 ]
}