{
 "parent":"template/display_block",
 "textures":{
  "end1":"block/mangrove_trapdoor_end1",
  "end2":"block/mangrove_trapdoor_end2",
  "side":"block/mangrove_trapdoor_side",
  "particle":"block/mangrove_trapdoor_end1"
 },
 "elements":[
  {
   "from":[0,0,0],
   "to":[16,3,16],
   "faces":{
    "north":{"uv":[0,0,16,3],"texture":"#side","cullface":"north"},
    "south":{"uv":[0,0,16,3],"texture":"#side","cullface":"south"},
    "east":{"uv":[0,3,16,6],"texture":"#side","cullface":"east"},
    "west":{"uv":[0,3,16,6],"texture":"#side","cullface":"west"},
    "up":{"uv":[0,0,16,16],"texture":"#end1"},
    "down":{"uv":[0,0,16,16],"texture":"#end1","cullface":"down"}
   }
  },
  {
   "to":[3,0,4],
   "from":[13,3,12],
   "faces":{
    "north":{"uv":[0,12,10,15],"texture":"#side"},
    "south":{"uv":[0,12,10,15],"texture":"#side"},
    "east":{"uv":[8,9,16,12],"texture":"#side"},
    "west":{"uv":[8,9,16,12],"texture":"#side"}
   }
  },
  {
   "to":[4,0,3],
   "from":[12,3,13],
   "faces":{
    "north":{"uv":[8,9,16,12],"texture":"#side"},
    "south":{"uv":[8,9,16,12],"texture":"#side"},
    "east":{"uv":[0,12,10,15],"texture":"#side"},
    "west":{"uv":[0,12,10,15],"texture":"#side"}
   }
  },
  {
   "from":[3,1,3],
   "to":[13,2,13],
   "faces":{
    "up":{"uv":[3,3,13,13],"texture":"#end2"},
    "down":{"uv":[3,3,13,13],"texture":"#end2"}
   }
  },
  {
   "to":[5,1,6],
   "from":[11,2,10],
   "faces":{
    "north":{"uv":[5,15,11,16],"texture":"#side"},
    "south":{"uv":[5,15,11,16],"texture":"#side"},
    "east":{"uv":[0,15,4,16],"texture":"#side"},
    "west":{"uv":[0,15,4,16],"texture":"#side"}
   }
  },
  {
   "to":[6,1,5],
   "from":[10,2,11],
   "faces":{
    "north":{"uv":[0,15,4,16],"texture":"#side"},
    "south":{"uv":[0,15,4,16],"texture":"#side"},
    "east":{"uv":[5,15,11,16],"texture":"#side"},
    "west":{"uv":[5,15,11,16],"texture":"#side"}
   }
  }
 ]
}