{
 "parent":"template/display_block",
 "textures":{
  "end":"block/oak_trapdoor_end",
  "side":"block/oak_trapdoor_side",
  "particle":"block/oak_trapdoor_end"
 },
 "elements":[
  {
   "from":[0,0,0],
   "to":[16,3,16],
   "faces":{
    "south":{"uv":[16,0,0,3],"texture":"#side","cullface":"south"},
    "north":{"uv":[16,3,0,6],"texture":"#side","cullface":"north"},
    "east":{"uv":[16,6,0,9],"texture":"#side","cullface":"east"},
    "west":{"uv":[16,9,0,12],"texture":"#side","cullface":"west"},
    "up":{"uv":[0,16,16,0],"texture":"#end"},
    "down":{"uv":[0,16,16,0],"texture":"#end","cullface":"down"}
   }
  },
  {
   "to":[3,0,3],
   "from":[6,3,6],
   "faces":{
    "south":{"uv":[3,13,0,16],"texture":"#side"},
    "north":{"uv":[6,13,3,16],"texture":"#side"},
    "east":{"uv":[9,13,6,16],"texture":"#side"},
    "west":{"uv":[12,13,9,16],"texture":"#side"}
   }
  },
  {
   "to":[10,0,3],
   "from":[13,3,6],
   "faces":{
    "south":{"uv":[3,13,0,16],"texture":"#side"},
    "north":{"uv":[6,13,3,16],"texture":"#side"},
    "east":{"uv":[9,13,6,16],"texture":"#side"},
    "west":{"uv":[12,13,9,16],"texture":"#side"}
   }
  },
  {
   "to":[3,0,10],
   "from":[6,3,13],
   "faces":{
    "south":{"uv":[3,13,0,16],"texture":"#side"},
    "north":{"uv":[6,13,3,16],"texture":"#side"},
    "east":{"uv":[9,13,6,16],"texture":"#side"},
    "west":{"uv":[12,13,9,16],"texture":"#side"}
   }
  },
  {
   "to":[10,0,10],
   "from":[13,3,13],
   "faces":{
    "south":{"uv":[3,13,0,16],"texture":"#side"},
    "north":{"uv":[6,13,3,16],"texture":"#side"},
    "east":{"uv":[9,13,6,16],"texture":"#side"},
    "west":{"uv":[12,13,9,16],"texture":"#side"}
   }
  }
 ]
}