{
 "parent":"template/display_block",
 "textures":{
  "end":"block/oak_trapdoor_end",
  "side":"block/oak_trapdoor_side",
  "particle":"block/oak_trapdoor_end"
 },
 "elements":[
  {
   "from":[0,0,0],
   "to":[16,3,16],
   "faces":{
    "north":{"uv":[0,0,16,3],"texture":"#side","cullface":"north"},
    "south":{"uv":[0,3,16,6],"texture":"#side","cullface":"south"},
    "east":{"uv":[0,6,16,9],"texture":"#side","cullface":"east"},
    "west":{"uv":[0,9,16,12],"texture":"#side","cullface":"west"},
    "up":{"uv":[0,0,16,16],"texture":"#end"},
    "down":{"uv":[0,0,16,16],"texture":"#end","cullface":"down"}
   }
  },
  {
   "to":[3,0,3],
   "from":[6,3,6],
   "faces":{
    "north":{"uv":[0,13,3,16],"texture":"#side"},
    "south":{"uv":[3,13,6,16],"texture":"#side"},
    "east":{"uv":[6,13,9,16],"texture":"#side"},
    "west":{"uv":[9,13,12,16],"texture":"#side"}
   }
  },
  {
   "to":[10,0,3],
   "from":[13,3,6],
   "faces":{
    "north":{"uv":[0,13,3,16],"texture":"#side"},
    "south":{"uv":[3,13,6,16],"texture":"#side"},
    "east":{"uv":[6,13,9,16],"texture":"#side"},
    "west":{"uv":[9,13,12,16],"texture":"#side"}
   }
  },
  {
   "to":[3,0,10],
   "from":[6,3,13],
   "faces":{
    "north":{"uv":[0,13,3,16],"texture":"#side"},
    "south":{"uv":[3,13,6,16],"texture":"#side"},
    "east":{"uv":[6,13,9,16],"texture":"#side"},
    "west":{"uv":[9,13,12,16],"texture":"#side"}
   }
  },
  {
   "to":[10,0,10],
   "from":[13,3,13],
   "faces":{
    "north":{"uv":[0,13,3,16],"texture":"#side"},
    "south":{"uv":[3,13,6,16],"texture":"#side"},
    "east":{"uv":[6,13,9,16],"texture":"#side"},
    "west":{"uv":[9,13,12,16],"texture":"#side"}
   }
  }
 ]
}