{
 "ambientocclusion":false,
 "textures":{
  "particle":"block/potatoes_age7"
 },
 "elements":[
  {
   "from":[8,0,1.5],
   "to":[8,16,14.5],
   "rotation":{"angle":45,"axis":"y","origin":[8,8,8]},
   "faces":{
    "east":{"uv":[3,0,16,16],"texture":"#particle"},
    "west":{"uv":[3,0,16,16],"texture":"#particle"}
   }
  },
  {
   "from":[8,0,1.5],
   "to":[8,16,14.5],
   "rotation":{"angle":-45,"axis":"y","origin":[8,8,8]},
   "faces":{
    "east":{"uv":[3,0,16,16],"texture":"#particle"},
    "west":{"uv":[3,0,16,16],"texture":"#particle"}
   }
  },
  {
   "from":[6.5,-1,6.5],
   "to":[9.5,1,9.5],
   "faces":{
    "north":{"uv":[0,0,3,2],"texture":"#particle"},
    "east":{"uv":[0,0,3,2],"texture":"#particle"},
    "south":{"uv":[0,0,3,2],"texture":"#particle"},
    "west":{"uv":[0,0,3,2],"texture":"#particle"},
    "up":{"uv":[0,2,3,5],"texture":"#particle"},
    "down":{"uv":[0,2,3,5],"texture":"#particle"}
   }
  },
  {
   "from":[5,-1,9],
   "to":[7,0,11],
   "rotation":{"angle":-45,"axis":"y","origin":[6,-0.5,10]},
   "faces":{
    "north":{"uv":[0,5,2,6],"texture":"#particle"},
    "east":{"uv":[0,5,2,6],"texture":"#particle"},
    "south":{"uv":[0,5,2,6],"texture":"#particle"},
    "west":{"uv":[0,5,2,6],"texture":"#particle"},
    "up":{"uv":[0,6,2,8],"texture":"#particle"},
    "down":{"uv":[0,6,2,8],"texture":"#particle"}
   }
  },
  {
   "from":[10,-1,9.5],
   "to":[12,0,11.5],
   "rotation":{"angle":22.5,"axis":"y","origin":[11,-0.5,10.5]},
   "faces":{
    "north":{"uv":[0,5,2,6],"texture":"#particle"},
    "east":{"uv":[0,5,2,6],"texture":"#particle"},
    "south":{"uv":[0,5,2,6],"texture":"#particle"},
    "west":{"uv":[0,5,2,6],"texture":"#particle"},
    "up":{"uv":[0,6,2,8],"texture":"#particle"},
    "down":{"uv":[0,6,2,8],"texture":"#particle"}
   }
  },
  {
   "from":[9,-1,4.5],
   "to":[11,0,6.5],
   "rotation":{"angle":-22.5,"axis":"y","origin":[10,-0.5,5.5]},
   "faces":{
    "north":{"uv":[0,5,2,6],"texture":"#particle"},
    "east":{"uv":[0,5,2,6],"texture":"#particle"},
    "south":{"uv":[0,5,2,6],"texture":"#particle"},
    "west":{"uv":[0,5,2,6],"texture":"#particle"},
    "up":{"uv":[0,6,2,8],"texture":"#particle"},
    "down":{"uv":[0,6,2,8],"texture":"#particle"}
   }
  },
  {
   "from":[4,-1,4],
   "to":[6,0,6],
   "rotation":{"angle":22.5,"axis":"y","origin":[5,-0.5,5]},
   "faces":{
    "north":{"uv":[0,5,2,6],"texture":"#particle"},
    "east":{"uv":[0,5,2,6],"texture":"#particle"},
    "south":{"uv":[0,5,2,6],"texture":"#particle"},
    "west":{"uv":[0,5,2,6],"texture":"#particle"},
    "up":{"uv":[0,6,2,8],"texture":"#particle"},
    "down":{"uv":[0,6,2,8],"texture":"#particle"}
   }
  }
 ]
}