{
 "parent":"template/display_block",
 "textures":{
  "particle":"block/scaffolding"
 },
 "elements":[
  {
   "from":[0,14,0],
   "to":[16,16,16],
   "faces":{
    "up":{"texture":"#particle","uv":[0,0,8,8],"cullface":"up"},
    "down":{"texture":"#particle","uv":[8,0,16,8]},
    "east":{"texture":"#particle","uv":[0,8,8,9],"cullface":"east"},
    "west":{"texture":"#particle","uv":[0,8,8,9],"cullface":"west"},
    "south":{"texture":"#particle","uv":[0,8,8,9],"cullface":"south"},
    "north":{"texture":"#particle","uv":[0,8,8,9],"cullface":"north"}
   }
  },
  {
   "to":[2,14,2],
   "from":[14,16,14],
   "faces":{
    "down":{"texture":"#particle","uv":[1,1,7,7]},
    "east":{"texture":"#particle","uv":[1,8,7,9]},
    "west":{"texture":"#particle","uv":[1,8,7,9]},
    "south":{"texture":"#particle","uv":[1,8,7,9]},
    "north":{"texture":"#particle","uv":[1,8,7,9]}
   }
  },
  {
   "from":[0,0,0],
   "to":[16,2,16],
   "faces":{
    "up":{"texture":"#particle","uv":[0,0,8,8]},
    "down":{"texture":"#particle","uv":[8,0,16,8],"cullface":"down"},
    "east":{"texture":"#particle","uv":[0,8,8,9],"cullface":"east"},
    "west":{"texture":"#particle","uv":[0,8,8,9],"cullface":"west"},
    "south":{"texture":"#particle","uv":[0,8,8,9],"cullface":"south"},
    "north":{"texture":"#particle","uv":[0,8,8,9],"cullface":"north"}
   }
  },
  {
   "to":[2,0,2],
   "from":[14,2,14],
   "faces":{
    "down":{"texture":"#particle","uv":[1,1,7,7],"cullface":"down"},
    "east":{"texture":"#particle","uv":[1,8,7,9],"cullface":"down"},
    "west":{"texture":"#particle","uv":[1,8,7,9],"cullface":"down"},
    "south":{"texture":"#particle","uv":[1,8,7,9],"cullface":"down"},
    "north":{"texture":"#particle","uv":[1,8,7,9],"cullface":"down"}
   }
  },
  {
   "from":[0,2,0],
   "to":[2,14,2],
   "faces":{
    "down":{"texture":"#particle","uv":[0,8,1,9],"cullface":"down"},
    "east":{"texture":"#particle","uv":[0,9,1,15]},
    "west":{"texture":"#particle","uv":[0,9,1,15]},
    "south":{"texture":"#particle","uv":[0,9,1,15]},
    "north":{"texture":"#particle","uv":[0,9,1,15]}
   }
  },
  {
   "from":[0,2,14],
   "to":[2,14,16],
   "faces":{
    "down":{"texture":"#particle","uv":[0,8,1,9],"cullface":"down"},
    "east":{"texture":"#particle","uv":[0,9,1,15]},
    "west":{"texture":"#particle","uv":[0,9,1,15]},
    "south":{"texture":"#particle","uv":[0,9,1,15]},
    "north":{"texture":"#particle","uv":[0,9,1,15]}
   }
  },
  {
   "from":[14,2,0],
   "to":[16,14,2],
   "faces":{
    "down":{"texture":"#particle","uv":[0,8,1,9],"cullface":"down"},
    "east":{"texture":"#particle","uv":[0,9,1,15]},
    "west":{"texture":"#particle","uv":[0,9,1,15]},
    "south":{"texture":"#particle","uv":[0,9,1,15]},
    "north":{"texture":"#particle","uv":[0,9,1,15]}
   }
  },
  {
   "from":[14,2,14],
   "to":[16,14,16],
   "faces":{
    "down":{"texture":"#particle","uv":[0,8,1,9],"cullface":"down"},
    "east":{"texture":"#particle","uv":[0,9,1,15]},
    "west":{"texture":"#particle","uv":[0,9,1,15]},
    "south":{"texture":"#particle","uv":[0,9,1,15]},
    "north":{"texture":"#particle","uv":[0,9,1,15]}
   }
  }
 ]
}