{
 "textures":{
  "particle":"block/soul_lantern"
 },
 "elements":[
  {
   "from":[5,1,5],
   "to":[11,8,11],
   "faces":{
    "north":{"uv":[0,2,6,9],"texture":"#particle"},
    "east":{"uv":[0,2,6,9],"texture":"#particle"},
    "south":{"uv":[0,2,6,9],"texture":"#particle"},
    "west":{"uv":[0,2,6,9],"texture":"#particle"},
    "up":{"uv":[0,9,6,15],"texture":"#particle"},
    "down":{"uv":[0,9,6,15],"texture":"#particle"}
   }
  },
  {
   "from":[6,8,6],
   "to":[10,10,10],
   "faces":{
    "north":{"uv":[1,0,5,2],"texture":"#particle"},
    "east":{"uv":[1,0,5,2],"texture":"#particle"},
    "south":{"uv":[1,0,5,2],"texture":"#particle"},
    "west":{"uv":[1,0,5,2],"texture":"#particle"},
    "up":{"uv":[1,10,5,14],"texture":"#particle"},
    "down":{"uv":[1,10,5,14],"texture":"#particle"}
   }
  },
  {
   "from":[7.5,10,6.5],
   "to":[8.5,12,7.5],
   "rotation":{"angle":45,"axis":"y","origin":[8,8,8]},
   "faces":{
    "north":{"uv":[11,10,12,12],"texture":"#particle"},
    "east":{"uv":[11,10,12,12],"texture":"#particle"},
    "south":{"uv":[11,10,12,12],"texture":"#particle"},
    "west":{"uv":[11,10,12,12],"texture":"#particle"},
    "up":{"uv":[13,10,14,11],"texture":"#particle"},
    "down":{"uv":[13,10,14,11],"texture":"#particle"}
   }
  },
  {
   "from":[7.5,14,6.5],
   "to":[8.5,16,7.5],
   "rotation":{"angle":45,"axis":"y","origin":[8,8,8]},
   "faces":{
    "north":{"uv":[11,1,12,3],"texture":"#particle"},
    "east":{"uv":[11,2,12,4],"texture":"#particle"},
    "south":{"uv":[11,2,12,4],"texture":"#particle"},
    "west":{"uv":[11,1,12,3],"texture":"#particle"},
    "up":{"uv":[11,3,12,4],"texture":"#particle"},
    "down":{"uv":[11,3,12,4],"texture":"#particle"}
   }
  },
  {
   "from":[7.5,10,8.5],
   "to":[8.5,12,9.5],
   "rotation":{"angle":45,"axis":"y","origin":[8,8,8]},
   "faces":{
    "north":{"uv":[11,10,12,12],"texture":"#particle"},
    "east":{"uv":[11,10,12,12],"texture":"#particle"},
    "south":{"uv":[11,10,12,12],"texture":"#particle"},
    "west":{"uv":[11,10,12,12],"texture":"#particle"},
    "up":{"uv":[11,10,12,11],"texture":"#particle"},
    "down":{"uv":[11,10,12,11],"texture":"#particle"}
   }
  },
  {
   "from":[7.5,14,8.5],
   "to":[8.5,16,9.5],
   "rotation":{"angle":45,"axis":"y","origin":[8,8,8]},
   "faces":{
    "north":{"uv":[11,1,12,3],"texture":"#particle"},
    "east":{"uv":[11,1,12,3],"texture":"#particle"},
    "south":{"uv":[11,1,12,3],"texture":"#particle"},
    "west":{"uv":[11,1,12,3],"texture":"#particle"},
    "up":{"uv":[11,6,12,7],"texture":"#particle"},
    "down":{"uv":[11,6,12,7],"texture":"#particle"}
   }
  },
  {
   "from":[8.5,11,7.5],
   "to":[9.5,15,8.5],
   "rotation":{"angle":45,"axis":"y","origin":[8,8,8]},
   "faces":{
    "north":{"uv":[11,1,12,5],"texture":"#particle"},
    "east":{"uv":[11,1,12,5],"texture":"#particle"},
    "south":{"uv":[11,1,12,5],"texture":"#particle"},
    "west":{"uv":[11,1,12,5],"texture":"#particle"},
    "up":{"uv":[13,1,14,2],"texture":"#particle"},
    "down":{"uv":[13,1,14,2],"texture":"#particle"}
   }
  },
  {
   "from":[6.5,11,7.5],
   "to":[7.5,15,8.5],
   "rotation":{"angle":45,"axis":"y","origin":[8,8,8]},
   "faces":{
    "north":{"uv":[11,1,12,5],"texture":"#particle"},
    "east":{"uv":[11,1,12,5],"texture":"#particle"},
    "south":{"uv":[11,1,12,5],"texture":"#particle"},
    "west":{"uv":[11,1,12,5],"texture":"#particle"},
    "up":{"uv":[11,1,12,2],"texture":"#particle"},
    "down":{"uv":[11,1,12,2],"texture":"#particle"}
   }
  },
  {
   "from":[7.5,11,7.5],
   "to":[8.5,12,8.5],
   "rotation":{"angle":45,"axis":"y","origin":[8,8,8]},
   "faces":{
    "up":{"uv":[12,10,13,11],"texture":"#particle"},
    "down":{"uv":[12,10,13,11],"texture":"#particle"}
   }
  },
  {
   "from":[7.5,14,7.5],
   "to":[8.5,15,8.5],
   "rotation":{"angle":45,"axis":"y","origin":[8,8,8]},
   "faces":{
    "up":{"uv":[12,7,13,8],"texture":"#particle"},
    "down":{"uv":[12,7,13,8],"texture":"#particle"}
   }
  }
 ]
}