{
 "parent":"template/display_block",
 "textures":{
  "particle":"block/spruce_trapdoor"
 },
 "elements":[
  {
   "from":[0,0,0],
   "to":[16,3,16],
   "faces":{
    "north":{"uv":[0,0,16,3],"texture":"#particle","cullface":"north"},
    "south":{"uv":[0,13,16,16],"texture":"#particle","cullface":"south"},
    "east":{"uv":[0,0,3,16],"texture":"#particle","cullface":"east","rotation":90},
    "west":{"uv":[13,0,16,16],"texture":"#particle","cullface":"west","rotation":270},
    "up":{"uv":[0,0,16,16],"texture":"#particle"},
    "down":{"uv":[0,0,16,16],"texture":"#particle","cullface":"down"}
   }
  }
 ]
}