{
 "textures":{
  "particle":"minecraft:block/sticky_piston_side",
  "side":"minecraft:block/sticky_piston_side",
  "bottom":"minecraft:block/sticky_piston_bottom_on",
  "inside":"minecraft:block/sticky_piston_inside"
 },
 "elements":[
  {
   "from":[0,0,0],
   "to":[16,12,16],
   "faces":{
    "down":{"uv":[0,0,16,16],"texture":"#bottom","cullface":"down"},
    "up":{ "uv":[0,0,16,16],"texture":"#inside"},
    "north":{"uv":[0,4,16,16],"texture":"#side","cullface":"north"},
    "south":{"uv":[0,4,16,16],"texture":"#side","cullface":"south"},
    "west":{"uv":[0,4,16,16],"texture":"#side","cullface":"west"},
    "east":{"uv":[0,4,16,16],"texture":"#side","cullface":"east"}
    }
   }
  ]
}