{
 "textures":{
  "particle":"block/sugar_cane"
 },
 "elements":[
  {
   "from":[3,0,2],
   "to":[5,16,6],
   "faces":{
    "east":{"uv":[0,0,4,16],"texture":"#particle"},
    "west":{"uv":[0,0,4,16],"texture":"#particle"}
   }
  },
  {
   "from":[2,0,3],
   "to":[6,16,5],
   "faces":{
    "north":{"uv":[0,0,4,16],"texture":"#particle"},
    "south":{"uv":[0,0,4,16],"texture":"#particle"},
    "up":{"uv":[0,0,4,2],"texture":"#particle","cullface":"up"},
    "down":{"uv":[0,14,4,16],"texture":"#particle","cullface":"down"}
   }
  },
  {
   "from":[11,0,3],
   "to":[13,16,7],
   "faces":{
    "east":{"uv":[0,0,4,16],"texture":"#particle"},
    "west":{"uv":[0,0,4,16],"texture":"#particle"}
   }
  },
  {
   "from":[10,0,4],
   "to":[14,16,6],
   "faces":{
    "north":{"uv":[0,0,4,16],"texture":"#particle"},
    "south":{"uv":[0,0,4,16],"texture":"#particle"},
    "up":{"uv":[0,0,4,2],"texture":"#particle","cullface":"up"},
    "down":{"uv":[0,14,4,16],"texture":"#particle","cullface":"down"}
   }
  },
  {
   "from":[4,0,10],
   "to":[6,16,14],
   "faces":{
    "east":{"uv":[0,0,4,16],"texture":"#particle"},
    "west":{"uv":[0,0,4,16],"texture":"#particle"}
   }
  },
  {
   "from":[3,0,11],
   "to":[7,16,13],
   "faces":{
    "north":{"uv":[0,0,4,16],"texture":"#particle"},
    "south":{"uv":[0,0,4,16],"texture":"#particle"},
    "up":{"uv":[0,0,4,2],"texture":"#particle","cullface":"up"},
    "down":{"uv":[0,14,4,16],"texture":"#particle","cullface":"down"}
   }
  },
  {
   "from":[10,0,9],
   "to":[12,16,13],
   "faces":{
    "east":{"uv":[0,0,4,16],"texture":"#particle"},
    "west":{"uv":[0,0,4,16],"texture":"#particle"}
   }
  },
  {
   "from":[9,0,10],
   "to":[13,16,12],
   "faces":{
    "north":{"uv":[0,0,4,16],"texture":"#particle"},
    "south":{"uv":[0,0,4,16],"texture":"#particle"},
    "up":{"uv":[0,0,4,2],"texture":"#particle","cullface":"up"},
    "down":{"uv":[0,14,4,16],"texture":"#particle","cullface":"down"}
   }
  }
 ]
}