{
 "parent":"template/display_block",
 "textures":{
  "2":"create:block/encased_chain_drive_end",
  "particle":"create:block/encased_chain_drive",
  "side":"create:block/encased_chain_drive"
 },
 "elements":[
  {
   "from":[0,0,0],
   "to":[16,2,16],
   "faces":{
    "north":{"uv":[14,16,16,0],"rotation":90,"texture":"#side","cullface":"north"},
    "east":{"uv":[0,14,16,16],"texture":"#2","cullface":"east"},
    "south":{"uv":[0,16,2,0],"rotation":270,"texture":"#side","cullface":"south"},
    "west":{"uv":[0,0,16,2],"rotation":180,"texture":"#2","cullface":"west"},
    "up":{"uv":[0,0,16,16],"rotation":90,"texture":"#side"},
    "down":{"uv":[0,0,16,16],"rotation":90,"texture":"#side","cullface":"down"}
   }
  },
  {
   "from":[0.95,2,0],
   "to":[15.05,14,14],
   "faces":{
    "east":{"uv":[2,2,16,14],"texture":"#2"},
    "west":{"uv":[2,2,16,14],"rotation":180,"texture":"#2"}
   }
  },
  {
   "from":[0,2,14],
   "to":[16,14,16],
   "faces":{
    "north":{"uv":[2,16,14,0],"rotation":270,"texture":"#side"},
    "east":{"uv":[2,0,14,2],"rotation":270,"texture":"#side"},
    "south":{"uv":[2,0,14,16],"rotation":90,"texture":"#side"},
    "west":{"uv":[2,14,14,16],"rotation":270,"texture":"#side"}
   }
  },
  {
   "from":[0,14,0],
   "to":[16,16,16],
   "faces":{
    "north":{"uv":[14,16,16,0],"rotation":90,"texture":"#side","cullface":"north"},
    "east":{"uv":[0,0,16,2],"texture":"#2","cullface":"east"},
    "south":{"uv":[14,16,16,0],"rotation":270,"texture":"#side","cullface":"south"},
    "west":{"uv":[0,14,16,16],"rotation":180,"texture":"#2","cullface":"west"},
    "up":{"uv":[0,0,16,16],"rotation":90,"texture":"#side","cullface":"up"},
    "down":{"uv":[0,0,16,16],"rotation":270,"texture":"#side"}
   }
  }
 ]
}