{
 "parent":"template/display_block",
 "textures":{
  "1":"create:block/encased_chain_drive_middle",
  "particle":"create:block/encased_chain_drive",
  "side":"create:block/encased_chain_drive"
 },
 "elements":[
  {
   "from":[0,0,0],
   "to":[16,2,16],
   "faces":{
    "north":{"uv":[14,16,16,0],"rotation":90,"texture":"#side","cullface":"north"},
    "east":{"uv":[0,14,16,16],"texture":"#1","cullface":"east"},
    "south":{"uv":[0,16,2,0],"rotation":270,"texture":"#side","cullface":"south"},
    "west":{"uv":[0,0,16,2],"rotation":180,"texture":"#1","cullface":"west"},
    "up":{"uv":[0,0,16,16],"rotation":90,"texture":"#side"},
    "down":{"uv":[0,0,16,16],"rotation":90,"texture":"#side","cullface":"down"}
   }
  },
  {
   "from":[0.95,2,0],
   "to":[15.05,14,16],
   "faces":{
    "east":{"uv":[0,2,16,14],"texture":"#1"},
    "west":{"uv":[0,2,16,14],"rotation":180,"texture":"#1"}
   }
  },
  {
   "from":[0,14,0],
   "to":[16,16,16],
   "faces":{
    "north":{"uv":[14,16,16,0],"rotation":90,"texture":"#side","cullface":"north"},
    "east":{"uv":[0,0,16,2],"texture":"#1","cullface":"east"},
    "south":{"uv":[14,16,16,0],"rotation":270,"texture":"#side","cullface":"south"},
    "west":{"uv":[0,14,16,16],"rotation":180,"texture":"#1","cullface":"west"},
    "up":{"uv":[0,0,16,16],"rotation":90,"texture":"#side","cullface":"up"},
    "down":{"uv":[0,0,16,16],"rotation":270,"texture":"#side"}
   }
  }
 ]
}