{
 "textures":{
  "0":"create:block/seat/bottom",
  "1":"create:block/seat/top_red",
  "2":"create:block/seat/side_red",
  "particle":"#1"
 },
 "elements":[
  {
   "from":[0,0,0],
   "to":[16,8,16],
   "faces":{
    "north":{"uv":[0,8,16,16],"texture":"#2","cullface":"north"},
    "east":{"uv":[0,8,16,16],"texture":"#2","cullface":"east"},
    "south":{"uv":[0,8,16,16],"texture":"#2","cullface":"south"},
    "west":{"uv":[0,8,16,16],"texture":"#2","cullface":"west"},
    "up":{"uv":[0,0,16,16],"texture":"#1"},
    "down":{"uv":[0,0,16,16],"texture":"#0","cullface":"down"}
   }
  }
 ],
 "gui_light":"side",
 "display":{
  "thirdperson_righthand":{
   "rotation":[75,45,0],
   "translation":[0,2.5,0],
   "scale":[0.375,0.375,0.375]
  },
  "thirdperson_lefthand":{
   "rotation":[75,45,0],
   "translation":[0,2.5,0],
   "scale":[0.375,0.375,0.375]
  },
  "firstperson_righthand":{
   "rotation":[0,45,0],
   "scale":[0.4,0.4,0.4]
  },
  "firstperson_lefthand":{
   "rotation":[0,225,0],
   "scale":[0.4,0.4,0.4]
  },
  "ground":{
   "translation":[0,3,0],
   "scale":[0.25,0.25,0.25]
  },
  "gui":{
   "rotation":[30,225,0],
   "translation":[0,2,0],
   "scale":[0.625,0.625,0.625]
  },
  "fixed":{
   "scale":[0.5,0.5,0.5]
  }
 }
}