{
 "parent":"template/display_block",
 "textures":{
  "particle":"create:block/shaft"
 },
 "elements":[
  {
   "from":[6,0,6], 
   "to":[10,16,10], 
   "faces":{
    "north":{"texture":"#particle","uv":[0,0,8,16]},
    "east":{"texture":"#particle","uv":[0,0,8,16]},
    "south":{"texture":"#particle","uv":[0,0,8,16]},
    "west":{"texture":"#particle","uv":[0,0,8,16]},
    "up":{"texture":"#particle","uv":[8,0,16,8],"cullface":"up"},
    "down":{"texture":"#particle","uv":[8,0,16,8],"cullface":"down"}
   }
  }
 ]
}