{
 "loader":"tconstruct:melter",
 "textures":{
  "top":"tconstruct:block/seared_glass",
  "side":"tconstruct:block/seared_melter_side",
  "brick":"tconstruct:block/seared_bricks"
 },
 "elements":[
  {
   "from":[0,0,0],
   "to":[16,16,16],
   "faces":{
    "down":{"texture":"#brick","cullface":"down"},
    "up":{"texture":"#top","cullface":"up"},
    "north":{"texture":"#particle","cullface":"north"},
    "south":{"texture":"#side","cullface":"south"},
    "west":{"texture":"#side","cullface":"west"},
    "east":{"texture":"#side","cullface":"east"}
   }
  },
  {
   "to":[0.1,8,0.1],
   "from":[15.9,15.9,15.9],
   "faces":{
    "north":{"texture":"#side","shade":false},
    "east":{"texture":"#side","shade":false},
    "south":{"texture":"#particle","shade":false},
    "west":{"texture":"#side","shade":false},
    "down":{"texture":"#top","shade":false}
   }
  },
  {
   "from":[0,8,0],
   "to":[16,8,16],
   "faces":{
    "up":{"texture":"#brick","shade":false}
   }
  }
 ],
 "fluid":{
  "from":[0.08,8,0.08],
  "to":[15.92,15.92,15.92],
  "increments":128
 },
 "gui":{
  "elements":[
   {
    "from":[0,0,0],
    "to":[16,16,16],
    "faces":{
     "down":{"texture":"#brick","cullface":"down"},
     "up":{"texture":"#top","cullface":"up"},
     "north":{"texture":"#particle","cullface":"north"},
     "south":{"texture":"#side","cullface":"south"},
     "west":{"texture":"#side","cullface":"west"},
     "east":{"texture":"#side","cullface":"east"}
    }
   },
   {
    "from":[0,8,0],
    "to":[16,8,16],
    "faces":{
     "up":{"texture":"#brick"}
    }
   }
  ]
 },
 "gui_light":"side",
 "display":{
  "gui":{
   "rotation":[30,225,0],
   "translation":[0,0,0],
   "scale":[0.625,0.625,0.625]
  },
  "ground":{
   "rotation":[0,0,0],
   "translation":[0,3,0],
   "scale":[0.25,0.25,0.25]
  },
  "fixed":{
   "rotation":[0,0,0],
   "translation":[0,0,0],
   "scale":[0.5,0.5,0.5]
  },
  "thirdperson_righthand":{
   "rotation":[75,45,0],
   "translation":[0,2.5,0],
   "scale":[0.375,0.375,0.375]
  },
  "firstperson_righthand":{
   "rotation":[0,45,0],
   "translation":[0,0,0],
   "scale":[0.40,0.40,0.40]
  },
  "firstperson_lefthand":{
   "rotation":[0,225,0],
   "translation":[0,0,0],
   "scale":[0.40,0.40,0.40]
  }
 },
 "items":[
  {"center":[8,12,12],"size":7.5},
  {"center":[4,12,4],"size":7.5},
  {"center":[12,12,4],"size":7.5}
 ]
}