{
 "parent":"template/display_block",
 "render_type":"minecraft:cutout",
 "textures":{
  "particle":"farmersdelight:block/basket"
 },
 "elements":[
  {
   "from":[0,0,0],
   "to":[16,16,16],
   "faces":{
    "north":{"uv":[8,0,16,8],"texture":"#particle","cullface":"north"},
    "east":{"uv":[8,0,16,8],"texture":"#particle","cullface":"east"},
    "south":{"uv":[8,0,16,8],"texture":"#particle","cullface":"south"},
    "west":{"uv":[8,0,16,8],"texture":"#particle","cullface":"west"},
    "up":{"uv":[0,8,8,16],"texture":"#particle","cullface":"up"},
    "down":{"uv":[0,0,8,8],"texture":"#particle","cullface":"down"}
   }
  },
  {
   "to":[2,2,2],
   "from":[14,16,14],
   "faces":{
    "north":{"uv":[9,7,15,0],"texture":"#particle"},
    "east":{"uv":[9,7,15,0],"texture":"#particle"},
    "south":{"uv":[9,7,15,0],"texture":"#particle"},
    "west":{"uv":[9,7,15,0],"texture":"#particle"},
    "up":{"uv":[1,1,7,7],"texture":"#particle"}
   }
  },
  {
   "to":[6,11,0],
   "from":[10,13,2],
   "faces":{
    "up":{"uv":[11,8,13,9],"texture":"#particle"},
    "down":{"uv":[5,8,3,9],"texture":"#particle"},
    "east":{"uv":[10,8,11,9],"texture":"#particle"},
    "west":{"uv":[13,8,14,9],"texture":"#particle"}
   }
  },
  {
   "to":[6,11,14],
   "from":[10,13,16],
   "faces":{
    "up":{"uv":[11,8,13,9],"texture":"#particle"},
    "down":{"uv":[3,8,5,9],"texture":"#particle"},
    "east":{"uv":[10,8,11,9],"texture":"#particle"},
    "west":{"uv":[13,8,14,9],"texture":"#particle"}
   }
  },
  {
   "to":[0,11,6],
   "from":[2,13,10],
   "faces":{
    "up":{"uv":[8,11,9,13],"texture":"#particle"},
    "down":{"uv":[0,11,1,13],"texture":"#particle"},
    "north":{"uv":[10,8,11,9],"texture":"#particle"},
    "south":{"uv":[13,8,14,9],"texture":"#particle"}
   }
  },
  {
   "to":[14,11,6],
   "from":[16,13,10],
   "faces":{
    "up":{"uv":[8,11,9,13],"texture":"#particle"},
    "down":{"uv":[0,13,1,11],"texture":"#particle"},
    "north":{"uv":[10,8,11,9],"texture":"#particle"},
    "south":{"uv":[13,8,14,9],"texture":"#particle"}
   }
  }
 ]
}