{
 "render_type":"minecraft:cutout",
 "elements":[
  {
   "from":[0,0,0],
   "to":[16,16,16],
   "faces":{
    "north":{"uv":[0,0,16,16],"texture":"#particle","cullface":"north"},
    "east":{"uv":[0,0,16,16],"texture":"#particle","cullface":"east"},
    "south":{"uv":[0,0,16,16],"texture":"#particle","cullface":"south"},
    "west":{"uv":[0,0,16,16],"texture":"#particle","cullface":"west"},
    "up":{"uv":[0,0,16,16],"texture":"#end1","cullface":"up"},
    "down":{"uv":[0,0,16,16],"texture":"#end1","cullface":"down"}
   }
  },
  {
   "to":[2,0,2],
   "from":[14,1,14],
   "faces":{
    "north":{"uv":[2,1,14,2],"texture":"#particle","cullface":"down"},
    "east":{"uv":[2,1,14,2],"texture":"#particle","cullface":"down"},
    "south":{"uv":[2,1,14,2],"texture":"#particle","cullface":"down"},
    "west":{"uv":[2,1,14,2],"texture":"#particle","cullface":"down"},
    "down":{"uv":[2,2,14,14],"texture":"#end2","cullface":"down"}
   }
  },
  {
   "to":[2,15,2],
   "from":[14,16,14],
   "faces":{
    "north":{"uv":[2,1,14,2],"texture":"#particle","cullface":"up"},
    "east":{"uv":[2,1,14,2],"texture":"#particle","cullface":"up"},
    "south":{"uv":[2,1,14,2],"texture":"#particle","cullface":"up"},
    "west":{"uv":[2,1,14,2],"texture":"#particle","cullface":"up"},
    "up":{"uv":[2,2,14,14],"texture":"#end2","cullface":"up"}
   }
  }
 ],
 "gui_light":"side",
 "display":{
  "gui":{
   "rotation":[120,0,225],
   "translation":[0,0,0],
   "scale":[0.625,0.625,0.625]
  },
  "ground":{
   "rotation":[0,0,0],
   "translation":[0,3,0],
   "scale":[0.25,0.25,0.25]
  },
  "fixed":{
   "rotation":[0,0,0],
   "translation":[0,0,0],
   "scale":[0.5,0.5,0.5]
  },
  "thirdperson_righthand":{
   "rotation":[75,45,0],
   "translation":[0,2.5,0],
   "scale":[0.375,0.375,0.375]
  },
  "firstperson_righthand":{
   "rotation":[0,0,0],
   "translation":[0,0,0],
   "scale":[0.40,0.40,0.40]
  },
  "firstperson_lefthand":{
   "rotation":[0,180,0],
   "translation":[0,0,0],
   "scale":[0.40,0.40,0.40]
  }
 }
}